dof,repeat,file_id,nominal_frequency_hz,estimated_frequency_hz,timing_group,gather_file,sensor_file,status,exclusion_reason,gather_rows,sensor_rows,required_sensor_rows,paired_rows,motion_fit_r2,u_mean_m_s,surge_force_mean_n,surge_force_oscillatory_rms_n,q_amplitude,condition_raw,sensor_time_shift_ms,quality_flag
sway,1,8,0.1,0.102,horizontal,/home/jining_yang/isaac-auv-env/environment/pmm/pure_sway1/gather_8.csv,/home/jining_yang/isaac-auv-env/environment/pmm/pure_sway1/sensor_8.csv,included,,1207,6100,4751,700,0.9999999802,0.201607888,-0.372327106,1.393994725,0.05006275507,8.189509288,0,frequency_search_boundary
sway,1,9,0.2,0.1979925824,horizontal,/home/jining_yang/isaac-auv-env/environment/pmm/pure_sway1/gather_9.csv,/home/jining_yang/isaac-auv-env/environment/pmm/pure_sway1/sensor_9.csv,included,,1207,6100,4751,700,0.9999996429,0.2016078563,-0.4774279506,1.427782574,0.1260038868,10.40415213,0,ok
sway,1,10,0.3,0.2970635452,horizontal,/home/jining_yang/isaac-auv-env/environment/pmm/pure_sway1/gather_10.csv,/home/jining_yang/isaac-auv-env/environment/pmm/pure_sway1/sensor_10.csv,included,,1207,6100,4751,700,0.999998187,0.2016078464,-0.5791227031,1.525618568,0.1889405031,10.25559501,0,ok
sway,1,11,0.4,0.3960912328,horizontal,/home/jining_yang/isaac-auv-env/environment/pmm/pure_sway1/gather_11.csv,/home/jining_yang/isaac-auv-env/environment/pmm/pure_sway1/sensor_11.csv,included,,1207,6300,4751,700,0.9999921245,0.2016078664,-0.7401341477,1.534170781,0.2522549369,9.467647483,0,ok
sway,1,12,0.5,0.4950689159,horizontal,/home/jining_yang/isaac-auv-env/environment/pmm/pure_sway1/gather_12.csv,/home/jining_yang/isaac-auv-env/environment/pmm/pure_sway1/sensor_12.csv,included,,1207,6100,4751,700,0.9999999669,0.2016078402,-0.9329772109,1.441512567,0.315868578,10.06532349,0,ok
sway,1,13,0.6,0.5940458476,horizontal,/home/jining_yang/isaac-auv-env/environment/pmm/pure_sway1/gather_13.csv,/home/jining_yang/isaac-auv-env/environment/pmm/pure_sway1/sensor_13.csv,included,,1207,6400,4751,700,0.9999129844,0.2016078675,-1.113069593,1.794201272,0.3780029101,10.22596632,0,ok
sway,1,14,0.7,0.6929790111,horizontal,/home/jining_yang/isaac-auv-env/environment/pmm/pure_sway1/gather_14.csv,/home/jining_yang/isaac-auv-env/environment/pmm/pure_sway1/sensor_14.csv,included,,1207,6300,4751,700,0.9997720844,0.2016078668,-1.306223343,2.248723493,0.4414761238,9.796599718,0,ok
sway,2,8,0.1,0.102,horizontal,/home/jining_yang/isaac-auv-env/environment/pmm/pure_sway2/gather_8.csv,/home/jining_yang/isaac-auv-env/environment/pmm/pure_sway2/sensor_8.csv,included,,1207,6100,4751,700,0.9999999803,0.2016078578,-0.3745623017,1.41369133,0.05006314741,8.189519857,0,frequency_search_boundary
sway,2,9,0.2,0.1979924485,horizontal,/home/jining_yang/isaac-auv-env/environment/pmm/pure_sway2/gather_9.csv,/home/jining_yang/isaac-auv-env/environment/pmm/pure_sway2/sensor_9.csv,included,,1207,6100,4751,700,0.9999996432,0.2016078519,-0.4130165994,1.378636982,0.1260038318,10.4041654,0,ok
sway,2,10,0.3,0.2970635315,horizontal,/home/jining_yang/isaac-auv-env/environment/pmm/pure_sway2/gather_10.csv,/home/jining_yang/isaac-auv-env/environment/pmm/pure_sway2/sensor_10.csv,included,,1207,6100,4751,700,0.9999981885,0.2016078531,-0.6290777606,1.466104932,0.1889404771,10.25559962,0,ok
sway,2,11,0.4,0.3960912811,horizontal,/home/jining_yang/isaac-auv-env/environment/pmm/pure_sway2/gather_11.csv,/home/jining_yang/isaac-auv-env/environment/pmm/pure_sway2/sensor_11.csv,included,,1207,6100,4751,700,0.9999921232,0.2016078398,-0.7212395534,1.491121974,0.2522550148,9.46767906,0,ok
sway,2,12,0.5,0.4950689589,horizontal,/home/jining_yang/isaac-auv-env/environment/pmm/pure_sway2/gather_12.csv,/home/jining_yang/isaac-auv-env/environment/pmm/pure_sway2/sensor_12.csv,included,,1207,6100,4751,700,0.9999999668,0.2016078865,-0.927308958,1.478490576,0.3158687218,10.06530943,0,ok
sway,2,13,0.6,0.594045854,horizontal,/home/jining_yang/isaac-auv-env/environment/pmm/pure_sway2/gather_13.csv,/home/jining_yang/isaac-auv-env/environment/pmm/pure_sway2/sensor_13.csv,included,,1207,6100,4751,700,0.9999129788,0.2016078434,-1.094570129,1.764935952,0.3780037335,10.2259573,0,ok
sway,2,14,0.7,0.692978977,horizontal,/home/jining_yang/isaac-auv-env/environment/pmm/pure_sway2/gather_14.csv,/home/jining_yang/isaac-auv-env/environment/pmm/pure_sway2/sensor_14.csv,included,,1207,6100,4751,700,0.9997720896,0.20160786,-1.283380467,2.119449973,0.4414764621,9.796569055,0,ok
sway,3,8,0.1,0.102,horizontal,/home/jining_yang/isaac-auv-env/environment/pmm/pure_sway3/gather_8.csv,/home/jining_yang/isaac-auv-env/environment/pmm/pure_sway3/sensor_8.csv,included,,1207,6100,4751,700,0.9999999803,0.2016078383,-0.3610890794,1.39978142,0.05006290264,8.189533336,0,frequency_search_boundary
sway,3,9,0.2,0.1979925077,horizontal,/home/jining_yang/isaac-auv-env/environment/pmm/pure_sway3/gather_9.csv,/home/jining_yang/isaac-auv-env/environment/pmm/pure_sway3/sensor_9.csv,included,,1207,6300,4751,700,0.9999996436,0.2016078638,-0.4717216571,1.398469452,0.1260038474,10.40415181,0,ok
sway,3,10,0.3,0.2970635525,horizontal,/home/jining_yang/isaac-auv-env/environment/pmm/pure_sway3/gather_10.csv,/home/jining_yang/isaac-auv-env/environment/pmm/pure_sway3/sensor_10.csv,included,,1207,6100,4751,700,0.9999981885,0.2016078422,-0.6071667374,1.407126717,0.1889404895,10.25558942,0,ok
sway,3,11,0.4,0.3960912513,horizontal,/home/jining_yang/isaac-auv-env/environment/pmm/pure_sway3/gather_11.csv,/home/jining_yang/isaac-auv-env/environment/pmm/pure_sway3/sensor_11.csv,included,,1207,6100,4751,700,0.9999921255,0.2016078422,-0.7326330234,1.484576729,0.2522550803,9.46767759,0,ok
sway,3,12,0.5,0.4950689372,horizontal,/home/jining_yang/isaac-auv-env/environment/pmm/pure_sway3/gather_12.csv,/home/jining_yang/isaac-auv-env/environment/pmm/pure_sway3/sensor_12.csv,included,,1207,6100,4751,700,0.999999967,0.2016078698,-0.934700016,1.4920592,0.3158681669,10.06537901,0,ok
sway,3,13,0.6,0.5940458436,horizontal,/home/jining_yang/isaac-auv-env/environment/pmm/pure_sway3/gather_13.csv,/home/jining_yang/isaac-auv-env/environment/pmm/pure_sway3/sensor_13.csv,included,,1207,6100,4751,700,0.9999129768,0.2016078283,-1.146518309,1.792914796,0.378003233,10.22599513,0,ok
sway,3,14,0.7,0.6929789663,horizontal,/home/jining_yang/isaac-auv-env/environment/pmm/pure_sway3/gather_14.csv,/home/jining_yang/isaac-auv-env/environment/pmm/pure_sway3/sensor_14.csv,included,,1207,6300,4751,700,0.9997720777,0.2016078497,-1.297449491,2.145036792,0.4414764834,9.796553095,0,ok
heave,1,8,0.1,0.102,vertical,/home/jining_yang/isaac-auv-env/environment/pmm/vertical_sway1/gather_8.csv,/home/jining_yang/isaac-auv-env/environment/pmm/vertical_sway1/sensor_8.csv,included,,1207,6000,4751,700,0.9999999803,0.2016078237,0.641466882,1.693535202,0.0500628307,8.189544335,0,frequency_search_boundary
heave,1,9,0.2,0.1979924917,vertical,/home/jining_yang/isaac-auv-env/environment/pmm/vertical_sway1/gather_9.csv,/home/jining_yang/isaac-auv-env/environment/pmm/vertical_sway1/sensor_9.csv,included,,1207,6100,4751,700,0.9999996436,0.2016078662,0.4725574309,1.965105154,0.1260036458,10.40419079,0,ok
heave,1,10,0.3,0.2970635543,vertical,/home/jining_yang/isaac-auv-env/environment/pmm/vertical_sway1/gather_10.csv,/home/jining_yang/isaac-auv-env/environment/pmm/vertical_sway1/sensor_10.csv,included,,1207,6100,4751,700,0.9999981879,0.2016078566,0.6783925426,2.183365345,0.1889404023,10.25558445,0,ok
heave,1,11,0.4,0.3960912353,vertical,/home/jining_yang/isaac-auv-env/environment/pmm/vertical_sway1/gather_11.csv,/home/jining_yang/isaac-auv-env/environment/pmm/vertical_sway1/sensor_11.csv,included,,1207,6100,4751,700,0.9999921261,0.2016078446,0.8183243266,1.45178684,0.2522548653,9.467674679,0,ok
heave,1,12,0.5,0.4950689751,vertical,/home/jining_yang/isaac-auv-env/environment/pmm/vertical_sway1/gather_12.csv,/home/jining_yang/isaac-auv-env/environment/pmm/vertical_sway1/sensor_12.csv,included,,1207,6100,4751,700,0.9999999669,0.2016078631,0.8345507531,2.63061311,0.3158685003,10.06532726,0,ok
heave,1,13,0.6,0.5940458822,vertical,/home/jining_yang/isaac-auv-env/environment/pmm/vertical_sway1/gather_13.csv,/home/jining_yang/isaac-auv-env/environment/pmm/vertical_sway1/sensor_13.csv,included,,1207,6000,4751,700,0.9999129804,0.2016078728,1.281069115,2.673374758,0.3780030126,10.22599812,0,ok
heave,1,14,0.7,0.6929789903,vertical,/home/jining_yang/isaac-auv-env/environment/pmm/vertical_sway1/gather_14.csv,/home/jining_yang/isaac-auv-env/environment/pmm/vertical_sway1/sensor_14.csv,included,,1207,6100,4751,700,0.9997720809,0.2016078515,0.8598135434,2.421198647,0.4414769457,9.796528273,0,ok
heave,2,8,0.1,0.102,vertical,/home/jining_yang/isaac-auv-env/environment/pmm/vertical_sway2/gather_8.csv,/home/jining_yang/isaac-auv-env/environment/pmm/vertical_sway2/sensor_8.csv,included,,1207,6100,4751,700,0.9999999802,0.201607832,0.4329123151,1.857517428,0.05006307364,8.189523808,0,frequency_search_boundary
heave,2,9,0.2,0.1979923852,vertical,/home/jining_yang/isaac-auv-env/environment/pmm/vertical_sway2/gather_9.csv,/home/jining_yang/isaac-auv-env/environment/pmm/vertical_sway2/sensor_9.csv,included,,1207,6100,4751,700,0.9999996436,0.2016078381,0.4815733017,1.523719587,0.1260038771,10.40416235,0,ok
heave,2,10,0.3,,vertical,/home/jining_yang/isaac-auv-env/environment/pmm/vertical_sway2/gather_10.csv,/home/jining_yang/isaac-auv-env/environment/pmm/vertical_sway2/sensor_10.csv,excluded,short_sensor_record:4100<4751,1207,4100,4751,,,,,,,,0,excluded
heave,2,11,0.4,0.3960912401,vertical,/home/jining_yang/isaac-auv-env/environment/pmm/vertical_sway2/gather_11.csv,/home/jining_yang/isaac-auv-env/environment/pmm/vertical_sway2/sensor_11.csv,included,,1207,6000,4751,700,0.9999921251,0.2016078609,0.9329067214,2.30329666,0.2522549007,9.467637645,0,ok
heave,2,12,0.5,0.4950689408,vertical,/home/jining_yang/isaac-auv-env/environment/pmm/vertical_sway2/gather_12.csv,/home/jining_yang/isaac-auv-env/environment/pmm/vertical_sway2/sensor_12.csv,included,,1207,6100,4751,700,0.9999999667,0.201607865,0.9545807003,2.122824597,0.3158683489,10.06530889,0,ok
heave,2,13,0.6,0.5940458472,vertical,/home/jining_yang/isaac-auv-env/environment/pmm/vertical_sway2/gather_13.csv,/home/jining_yang/isaac-auv-env/environment/pmm/vertical_sway2/sensor_13.csv,included,,1207,6100,4751,700,0.9999129868,0.201607834,1.422571654,2.201719102,0.3780031097,10.22595983,0,ok
heave,2,14,0.7,,vertical,/home/jining_yang/isaac-auv-env/environment/pmm/vertical_sway2/gather_14.csv,/home/jining_yang/isaac-auv-env/environment/pmm/vertical_sway2/sensor_14.csv,excluded,short_sensor_record:3600<4751,1207,3600,4751,,,,,,,,0,excluded
heave,3,8,0.1,0.102,vertical,/home/jining_yang/isaac-auv-env/environment/pmm/vertical_sway3/gather_8.csv,/home/jining_yang/isaac-auv-env/environment/pmm/vertical_sway3/sensor_8.csv,included,,1207,6100,4751,700,0.9999999803,0.2016078798,0.3613392383,1.206786247,0.05006304457,8.189523943,0,frequency_search_boundary
heave,3,9,0.2,0.1979925527,vertical,/home/jining_yang/isaac-auv-env/environment/pmm/vertical_sway3/gather_9.csv,/home/jining_yang/isaac-auv-env/environment/pmm/vertical_sway3/sensor_9.csv,included,,1207,6200,4751,700,0.9999996433,0.2016078757,0.5088063986,1.143740604,0.1260038125,10.4041767,0,ok
heave,3,10,0.3,0.2970635793,vertical,/home/jining_yang/isaac-auv-env/environment/pmm/vertical_sway3/gather_10.csv,/home/jining_yang/isaac-auv-env/environment/pmm/vertical_sway3/sensor_10.csv,included,,1207,6100,4751,700,0.9999981867,0.201607845,0.7115034649,1.149736314,0.1889404485,10.25560195,0,ok
heave,3,11,0.4,0.3960912567,vertical,/home/jining_yang/isaac-auv-env/environment/pmm/vertical_sway3/gather_11.csv,/home/jining_yang/isaac-auv-env/environment/pmm/vertical_sway3/sensor_11.csv,included,,1207,6200,4751,700,0.9999921246,0.2016078394,0.8649600591,1.120706051,0.2522547493,9.467679119,0,ok
heave,3,12,0.5,0.4950689407,vertical,/home/jining_yang/isaac-auv-env/environment/pmm/vertical_sway3/gather_12.csv,/home/jining_yang/isaac-auv-env/environment/pmm/vertical_sway3/sensor_12.csv,included,,1207,6100,4751,700,0.9999999668,0.2016078568,1.01033107,1.22303526,0.3158684383,10.06532886,0,ok
heave,3,13,0.6,0.5940458219,vertical,/home/jining_yang/isaac-auv-env/environment/pmm/vertical_sway3/gather_13.csv,/home/jining_yang/isaac-auv-env/environment/pmm/vertical_sway3/sensor_13.csv,included,,1207,6100,4751,700,0.999912986,0.2016078201,1.087212003,1.17747386,0.3780031978,10.22590397,0,ok
heave,3,14,0.7,0.6929789951,vertical,/home/jining_yang/isaac-auv-env/environment/pmm/vertical_sway3/gather_14.csv,/home/jining_yang/isaac-auv-env/environment/pmm/vertical_sway3/sensor_14.csv,included,,1207,6100,4751,700,0.9997720868,0.201607856,0.9963737017,1.351354501,0.4414766503,9.79655965,0,ok
pitch,1,22,0.1,0.102,vertical,/home/jining_yang/isaac-auv-env/environment/pmm/vertical_yaw1/gather_22_ang0.csv,/home/jining_yang/isaac-auv-env/environment/pmm/vertical_yaw1/sensor_22_ang0.csv,included,,1207,6100,4751,700,0.9999999797,0.2095034821,0.01885381057,1.439366926,0.08683556743,9.373948019,0,frequency_search_boundary
pitch,1,23,0.2,0.1979915687,vertical,/home/jining_yang/isaac-auv-env/environment/pmm/vertical_yaw1/gather_23_ang0.csv,/home/jining_yang/isaac-auv-env/environment/pmm/vertical_yaw1/sensor_23_ang0.csv,included,,1207,6100,4751,700,0.9999996567,0.2106081974,0.3476832786,1.392576225,0.2181125501,8.305834734,0,ok
pitch,1,24,0.3,0.297071683,vertical,/home/jining_yang/isaac-auv-env/environment/pmm/vertical_yaw1/gather_24_ang0.csv,/home/jining_yang/isaac-auv-env/environment/pmm/vertical_yaw1/sensor_24_ang0.csv,included,,1207,6100,4751,700,0.9999982834,0.2039665199,0.3382678149,1.380627563,0.3270687587,6.345121652,0,ok
pitch,1,25,0.4,0.3960712262,vertical,/home/jining_yang/isaac-auv-env/environment/pmm/vertical_yaw1/gather_25_ang0.csv,/home/jining_yang/isaac-auv-env/environment/pmm/vertical_yaw1/sensor_25_ang0.csv,included,,1207,6100,4751,700,0.9999925005,0.1953266408,0.3809535374,1.454560481,0.4366484287,4.625172906,0,ok
pitch,1,26,0.5,0.4950900937,vertical,/home/jining_yang/isaac-auv-env/environment/pmm/vertical_yaw1/gather_26_ang0.csv,/home/jining_yang/isaac-auv-env/environment/pmm/vertical_yaw1/sensor_26_ang0.csv,included,,1207,6100,4751,700,0.9999998997,0.1920835971,0.39178629,1.383860688,0.5467783066,3.997963308,0,ok
pitch,1,27,0.6,0.5940374349,vertical,/home/jining_yang/isaac-auv-env/environment/pmm/vertical_yaw1/gather_27_ang0.csv,/home/jining_yang/isaac-auv-env/environment/pmm/vertical_yaw1/sensor_27_ang0.csv,included,,1207,6100,4751,700,0.999910393,0.1970807517,0.4137880669,1.327067391,0.654320623,3.538506752,0,ok
pitch,1,28,0.7,0.6929779574,vertical,/home/jining_yang/isaac-auv-env/environment/pmm/vertical_yaw1/gather_28_ang0.csv,/home/jining_yang/isaac-auv-env/environment/pmm/vertical_yaw1/sensor_28_ang0.csv,included,,1207,6100,4751,700,0.9997711368,0.2057704197,0.4322767354,1.365338813,0.7642053775,3.443947607,0,ok
pitch,2,22,0.1,0.102,vertical,/home/jining_yang/isaac-auv-env/environment/pmm/vertical_yaw2/gather_22_ang60.csv,/home/jining_yang/isaac-auv-env/environment/pmm/vertical_yaw2/sensor_22_ang60.csv,included,,1207,6100,4751,700,0.9999999787,0.2095036428,0.2678927631,1.432067123,0.08683455851,9.373922105,0,frequency_search_boundary
pitch,2,23,0.2,0.1979839217,vertical,/home/jining_yang/isaac-auv-env/environment/pmm/vertical_yaw2/gather_23_ang60.csv,/home/jining_yang/isaac-auv-env/environment/pmm/vertical_yaw2/sensor_23_ang60.csv,included,,1207,6100,4751,700,0.9999996386,0.2106082799,0.3261725283,1.322203505,0.2181229991,8.308654378,0,ok
pitch,2,24,0.3,0.2970743953,vertical,/home/jining_yang/isaac-auv-env/environment/pmm/vertical_yaw2/gather_24_ang60.csv,/home/jining_yang/isaac-auv-env/environment/pmm/vertical_yaw2/sensor_24_ang60.csv,included,,1207,6100,4751,700,0.9999981998,0.2039667332,0.3369865834,1.398556887,0.3270755142,6.345097729,0,ok
pitch,2,25,0.4,0.396077557,vertical,/home/jining_yang/isaac-auv-env/environment/pmm/vertical_yaw2/gather_25_ang60.csv,/home/jining_yang/isaac-auv-env/environment/pmm/vertical_yaw2/sensor_25_ang60.csv,included,,1207,6100,4751,700,0.9999923693,0.1953288683,0.3655758066,1.455805423,0.4366421654,4.623640158,0,ok
pitch,2,26,0.5,0.4950694889,vertical,/home/jining_yang/isaac-auv-env/environment/pmm/vertical_yaw2/gather_26_ang60.csv,/home/jining_yang/isaac-auv-env/environment/pmm/vertical_yaw2/sensor_26_ang60.csv,included,,1207,6100,4751,700,0.9999998341,0.1920838994,0.4037943691,1.359196973,0.5467408135,3.997098726,0,ok
pitch,2,27,0.6,0.5940625349,vertical,/home/jining_yang/isaac-auv-env/environment/pmm/vertical_yaw2/gather_27_ang60.csv,/home/jining_yang/isaac-auv-env/environment/pmm/vertical_yaw2/sensor_27_ang60.csv,included,,1207,6100,4751,700,0.9999157295,0.1970741158,0.4285216077,1.338659981,0.654372454,3.537455348,0,ok
pitch,2,28,0.7,0.6929486733,vertical,/home/jining_yang/isaac-auv-env/environment/pmm/vertical_yaw2/gather_28_ang60.csv,/home/jining_yang/isaac-auv-env/environment/pmm/vertical_yaw2/sensor_28_ang60.csv,included,,1207,6100,4751,700,0.9997722851,0.2057716769,0.4537402717,1.390442928,0.7639996636,3.444931188,0,ok
pitch,3,22,0.1,0.102,vertical,/home/jining_yang/isaac-auv-env/environment/pmm/vertical_yaw3/gather_22_ang120.csv,/home/jining_yang/isaac-auv-env/environment/pmm/vertical_yaw3/sensor_22_ang120.csv,included,,1207,6100,4751,700,0.9999999797,0.2095036892,0.2782351566,1.410362398,0.08682874376,9.37216124,0,frequency_search_boundary
pitch,3,23,0.2,0.1979939988,vertical,/home/jining_yang/isaac-auv-env/environment/pmm/vertical_yaw3/gather_23_ang120.csv,/home/jining_yang/isaac-auv-env/environment/pmm/vertical_yaw3/sensor_23_ang120.csv,included,,1207,6100,4751,700,0.9999996264,0.2106082059,0.3194959363,1.365711036,0.2181177435,8.307195375,0,ok
pitch,3,24,0.3,0.2970552133,vertical,/home/jining_yang/isaac-auv-env/environment/pmm/vertical_yaw3/gather_24_ang120.csv,/home/jining_yang/isaac-auv-env/environment/pmm/vertical_yaw3/sensor_24_ang120.csv,included,,1207,6100,4751,700,0.9999980204,0.2039646372,0.3196415034,1.348889047,0.3270451572,6.344041647,0,ok
pitch,3,25,0.4,0.3961038432,vertical,/home/jining_yang/isaac-auv-env/environment/pmm/vertical_yaw3/gather_25_ang120.csv,/home/jining_yang/isaac-auv-env/environment/pmm/vertical_yaw3/sensor_25_ang120.csv,included,,1207,6100,4751,700,0.9999920879,0.1953321038,0.39492595,1.369992347,0.436654921,4.627008305,0,ok
pitch,3,26,0.5,0.4950529659,vertical,/home/jining_yang/isaac-auv-env/environment/pmm/vertical_yaw3/gather_26_ang120.csv,/home/jining_yang/isaac-auv-env/environment/pmm/vertical_yaw3/sensor_26_ang120.csv,included,,1207,6100,4751,700,0.9999998841,0.1920821248,0.3851267197,1.348633971,0.5468265653,3.994562758,0,ok
pitch,3,27,0.6,0.5940557828,vertical,/home/jining_yang/isaac-auv-env/environment/pmm/vertical_yaw3/gather_27_ang120.csv,/home/jining_yang/isaac-auv-env/environment/pmm/vertical_yaw3/sensor_27_ang120.csv,included,,1207,6100,4751,700,0.9999154505,0.1970755414,0.4166079514,1.296642032,0.6543464712,3.538074738,0,ok
pitch,3,28,0.7,0.6929792621,vertical,/home/jining_yang/isaac-auv-env/environment/pmm/vertical_yaw3/gather_28_ang120.csv,/home/jining_yang/isaac-auv-env/environment/pmm/vertical_yaw3/sensor_28_ang120.csv,included,,1207,6100,4751,700,0.9997722929,0.20576728,0.4424674537,1.326130654,0.7641313434,3.443806249,0,ok
yaw,1,22,0.1,0.102,horizontal,/home/jining_yang/isaac-auv-env/environment/pmm/pure_yaw1/gather_22_ang0.csv,/home/jining_yang/isaac-auv-env/environment/pmm/pure_yaw1/sensor_22_ang0.csv,included,,1207,6100,4751,700,0.9999999806,0.201587438,-0.3509353163,1.570864754,0.0867998046,8.194865442,0,frequency_search_boundary
yaw,1,23,0.2,0.1979952807,horizontal,/home/jining_yang/isaac-auv-env/environment/pmm/pure_yaw1/gather_23_ang0.csv,/home/jining_yang/isaac-auv-env/environment/pmm/pure_yaw1/sensor_23_ang0.csv,included,,1207,6100,4751,700,0.9999996322,0.2015935111,-0.364040018,1.48694285,0.2181275165,10.40715021,0,ok
yaw,1,24,0.3,0.2970748578,horizontal,/home/jining_yang/isaac-auv-env/environment/pmm/pure_yaw1/gather_24_ang0.csv,/home/jining_yang/isaac-auv-env/environment/pmm/pure_yaw1/sensor_24_ang0.csv,included,,1207,6200,4751,700,0.9999981997,0.2015932683,-0.3735565594,1.507240608,0.3270822866,10.25795339,0,ok
yaw,1,25,0.4,0.3960726347,horizontal,/home/jining_yang/isaac-auv-env/environment/pmm/pure_yaw1/gather_25_ang0.csv,/home/jining_yang/isaac-auv-env/environment/pmm/pure_yaw1/sensor_25_ang0.csv,included,,1207,6100,4751,700,0.9999925435,0.2015932357,-0.3948716814,1.464004973,0.436623349,9.477121414,0,ok
yaw,1,26,0.5,0.4950800934,horizontal,/home/jining_yang/isaac-auv-env/environment/pmm/pure_yaw1/gather_26_ang0.csv,/home/jining_yang/isaac-auv-env/environment/pmm/pure_yaw1/sensor_26_ang0.csv,included,,1207,6100,4751,700,0.9999998509,0.2015916199,-0.4045695751,1.493139915,0.5467270566,10.07785183,0,ok
yaw,1,27,0.6,0.5940498895,horizontal,/home/jining_yang/isaac-auv-env/environment/pmm/pure_yaw1/gather_27_ang0.csv,/home/jining_yang/isaac-auv-env/environment/pmm/pure_yaw1/sensor_27_ang0.csv,included,,1207,6100,4751,700,0.9999136734,0.2015984555,-0.4237282931,1.500368484,0.6543434212,10.2236462,0,ok
yaw,1,28,0.7,0.6929612072,horizontal,/home/jining_yang/isaac-auv-env/environment/pmm/pure_yaw1/gather_28_ang0.csv,/home/jining_yang/isaac-auv-env/environment/pmm/pure_yaw1/sensor_28_ang0.csv,included,,1207,6100,4751,700,0.9997755466,0.2015866679,-0.4365878314,1.434320039,0.7641594036,9.800963183,0,ok
yaw,2,22,0.1,0.102,horizontal,/home/jining_yang/isaac-auv-env/environment/pmm/pure_yaw2/gather_22_ang60.csv,/home/jining_yang/isaac-auv-env/environment/pmm/pure_yaw2/sensor_22_ang60.csv,included,,1207,6100,4751,700,0.9999999813,0.2015874418,-0.3190723966,1.541840231,0.08682820503,8.192486284,0,frequency_search_boundary
yaw,2,23,0.2,0.1979781959,horizontal,/home/jining_yang/isaac-auv-env/environment/pmm/pure_yaw2/gather_23_ang60.csv,/home/jining_yang/isaac-auv-env/environment/pmm/pure_yaw2/sensor_23_ang60.csv,included,,1207,6100,4751,700,0.9999996537,0.2015931937,-0.3729364303,1.569546292,0.218088832,10.41053058,0,ok
yaw,2,24,0.3,0.297073001,horizontal,/home/jining_yang/isaac-auv-env/environment/pmm/pure_yaw2/gather_24_ang60.csv,/home/jining_yang/isaac-auv-env/environment/pmm/pure_yaw2/sensor_24_ang60.csv,included,,1207,6100,4751,700,0.9999982684,0.2015932432,-0.3734376911,1.552774076,0.3270564725,10.25892933,0,ok
yaw,2,25,0.4,0.3960913382,horizontal,/home/jining_yang/isaac-auv-env/environment/pmm/pure_yaw2/gather_25_ang60.csv,/home/jining_yang/isaac-auv-env/environment/pmm/pure_yaw2/sensor_25_ang60.csv,included,,1207,6100,4751,700,0.9999921316,0.2015933667,-0.3833775203,1.487792395,0.4366287309,9.477209698,0,ok
yaw,2,26,0.5,0.4950564047,horizontal,/home/jining_yang/isaac-auv-env/environment/pmm/pure_yaw2/gather_26_ang60.csv,/home/jining_yang/isaac-auv-env/environment/pmm/pure_yaw2/sensor_26_ang60.csv,included,,1207,6100,4751,700,0.999999855,0.2015915309,-0.3982469769,1.460940714,0.5467474069,10.07638319,0,ok
yaw,2,27,0.6,0.5940635031,horizontal,/home/jining_yang/isaac-auv-env/environment/pmm/pure_yaw2/gather_27_ang60.csv,/home/jining_yang/isaac-auv-env/environment/pmm/pure_yaw2/sensor_27_ang60.csv,included,,1207,6100,4751,700,0.9999159934,0.2015986139,-0.4059276617,1.484829848,0.6543537147,10.22405248,0,ok
yaw,2,28,0.7,0.6929561508,horizontal,/home/jining_yang/isaac-auv-env/environment/pmm/pure_yaw2/gather_28_ang60.csv,/home/jining_yang/isaac-auv-env/environment/pmm/pure_yaw2/sensor_28_ang60.csv,included,,1207,6100,4751,700,0.9997729028,0.2015864623,-0.4324331311,1.466979612,0.7640513161,9.802984643,0,ok
yaw,3,22,0.1,0.102,horizontal,/home/jining_yang/isaac-auv-env/environment/pmm/pure_yaw3/gather_22_ang120.csv,/home/jining_yang/isaac-auv-env/environment/pmm/pure_yaw3/sensor_22_ang120.csv,included,,1207,6100,4751,700,0.9999999802,0.2015873859,-0.3378826937,1.591530842,0.086821887,8.19321907,0,frequency_search_boundary
yaw,3,23,0.2,0.1979903294,horizontal,/home/jining_yang/isaac-auv-env/environment/pmm/pure_yaw3/gather_23_ang120.csv,/home/jining_yang/isaac-auv-env/environment/pmm/pure_yaw3/sensor_23_ang120.csv,included,,1207,6100,4751,700,0.9999996532,0.2015934017,-0.3542401731,1.538880462,0.2181120261,10.40923263,0,ok
yaw,3,24,0.3,0.2970529285,horizontal,/home/jining_yang/isaac-auv-env/environment/pmm/pure_yaw3/gather_24_ang120.csv,/home/jining_yang/isaac-auv-env/environment/pmm/pure_yaw3/sensor_24_ang120.csv,included,,1207,6100,4751,700,0.9999980475,0.2015931485,-0.3715779466,1.515300699,0.3270479964,10.25883812,0,ok
yaw,3,25,0.4,0.3961093561,horizontal,/home/jining_yang/isaac-auv-env/environment/pmm/pure_yaw3/gather_25_ang120.csv,/home/jining_yang/isaac-auv-env/environment/pmm/pure_yaw3/sensor_25_ang120.csv,included,,1207,6100,4751,700,0.9999915048,0.2015934739,-0.3745157257,1.467751407,0.4367428379,9.475152337,0,ok
yaw,3,26,0.5,0.4950521643,horizontal,/home/jining_yang/isaac-auv-env/environment/pmm/pure_yaw3/gather_26_ang120.csv,/home/jining_yang/isaac-auv-env/environment/pmm/pure_yaw3/sensor_26_ang120.csv,included,,1207,6100,4751,700,0.9999998849,0.2015913759,-0.4041798091,1.526176009,0.5467566951,10.07666806,0,ok
yaw,3,27,0.6,0.5940619279,horizontal,/home/jining_yang/isaac-auv-env/environment/pmm/pure_yaw3/gather_27_ang120.csv,/home/jining_yang/isaac-auv-env/environment/pmm/pure_yaw3/sensor_27_ang120.csv,included,,1207,6100,4751,700,0.9999140812,0.2015984353,-0.4282937443,1.442134465,0.6543471892,10.22392473,0,ok
yaw,3,28,0.7,0.6929870072,horizontal,/home/jining_yang/isaac-auv-env/environment/pmm/pure_yaw3/gather_28_ang120.csv,/home/jining_yang/isaac-auv-env/environment/pmm/pure_yaw3/sensor_28_ang120.csv,included,,1207,6100,4751,700,0.9997696237,0.2015866608,-0.4394010786,1.477156097,0.7641694885,9.801737262,0,ok
